@type|@id|name|place|is_in|@lat|@lon|population|sqkm
node|130037318|Մարալիկ|town|"Armenia, Shirak"|40.5801970|43.8745874|5380|
node|130037434|Գյումրի|city||40.7852085|43.8416095|121976|
node|130038029|Արթիկ|town|"Armenia, Շիրակ"|40.6198428|43.9707866|17400|
node|130039585|Ապարան|town|"Aragatsotn, Armenia, Asia"|40.5908411|44.3570829|6158|
node|130040361|Երևան|city|Armenia|40.1776121|44.5125849|1129300|
node|130042088|Վաղարշապատ|town|"Armenia, Armavir"|40.1627757|44.2931665|57600|
node|130042336|Արմավիր|town|"Armenia, Armavir"|40.1555485|44.0387565|33800|
node|150679750|Թալին|town|"Армения, Арагацотн"|40.3835706|43.8735939|4980|
node|208818390|Սևան|town|"Armenia, Gegharkunik"|40.5485209|44.9572430|23200|
node|208840062|Իջևան|town|"Armenia, Tavush"|40.8779943|45.1437542|20500|
node|208845055|Դիլիջան|town|"Armenia, Tavush"|40.7417183|44.8721946|18000|
node|208853190|Վանաձոր|town|"Lori, Armenia, Asia"|40.8111917|44.4851995|82200|
node|209727388|Բերդ|town|"Armenia, Tavush"|40.8837828|45.3923321|8500|
node|209739151|Սպիտակ|town|"Lori, Armenia, Asia"|40.8343352|44.2647711|18237|
node|209777766|Ալավերդի|town|"Armenia, Lori"|41.0981441|44.6460913|16400|
node|209793390|Ստեփանավան|town|"Stepanavan, Lori, Armenia, Asia"|41.0070785|44.3844167|16200|
node|209803279|Տաշիր|town|Tashir;Lori;Armenia;Asia|41.1231053|44.2858082|7500|
node|210063748|Հրազդան|town|"Armenia, Kotayk"|40.5196871|44.7500706|52800|
node|210065207|Չարենցավան|town|"Armenia, Kotayk"|40.4029877|44.6469349|25100|
node|210071730|Ծաղկա‎ձոր|town|"Armenia, Kotayk"|40.5335474|44.7201571|1620|
node|210085218|Եղվարդ|town|"Armenia, Kotayk"|40.3214049|44.4813889|10700|
node|210098272|Աբովյան|town|"Armenia, Kotayk"|40.2714761|44.6333951|60000|
node|210119692|Մարտունի|town|"Armenia, Gegharkunik"|40.1390406|45.3054735|11900|
node|210146870|Վարդենիս|town|"Armenia, Gegharkunik"|40.1845740|45.7269788|12700|
node|210172791|Ճամբարակ|village|"Armenia, Gegharkunik"|40.5977658|45.3532388|1115|
node|210178763|Եղեգնաձոր|town||39.7591317|45.3320458|7944|
node|210212587|Ջերմուկ|town|"Armenia, Vayots Dzor"|39.8388185|45.6712635|4628|
node|210222626|Սիսիան|town||39.5255959|46.0250590|14894|
node|210231290|Կապան|town|"Armenia, Syunik"|39.2075525|46.4048244|43190|
node|210260007|Ագարակ|town|"Armenia, Syunik"|38.8654085|46.1956970|4429|
node|210261629|Մեղրի|town|"Armenia, Syunik"|38.9013004|46.2459121|4580|
node|210281886|Քաջարան|town|"Armenia, Syunik"|39.1510636|46.1554210|7163|
node|210290488|Գորիս|town|"Armenia, Syunik"|39.5104569|46.3404961|20591|
node|210362834|Արտաշատ|town||39.9566633|44.5471007|22269|
node|406352141|Հաղպատ|village||41.0944192|44.7110560||
node|406352640|Սանահին|village||41.0877146|44.6662097||
node|442473731|Գոռավան|village|"Armenia, Asia"|39.9079461|44.7285025|2340|
node|467022105|Հաղարծին|village||40.7769402|44.9748715||
node|467022106|Թեղուտ|village||40.7789754|44.9403322||
node|467023280|Պտղավան|village|"Bagratashen, Tavush, Armenia, Asia"|41.2288466|44.8554762||
node|467023282|Հաղթանակ|village||41.2168832|44.9137867||
node|467023283|Զորական|village||41.2212243|44.9377166||
node|467023412|Կողբ|village||41.1825962|44.9756652||
node|467023413|Նոյեմբերյան|town||41.1719613|44.9965125|5530|
node|467023435|Ջուջևան|village||41.1293022|45.0117022||
node|467023436|Բաղանիս|village||41.1104219|45.0567961||
node|467023633|Ոսկեպար|village||41.0626210|45.0573156||
node|467023634|Կիրանց|village||41.0470629|45.0981768||
node|467024321|Սարիգյուղ|village||41.0336571|45.1448190||
node|467024322|Սևքար|village|"Armenia, Asia"|41.0183782|45.1443691||
node|467024323|Գանձաքար|village||40.8509931|45.1592343||
node|505744365|Տաթեվ|village||39.3840285|46.2436662|864|
node|590685125|Գեղարքունիք|village|"Armenia, Gegharkunik"|40.2483299|45.1455126||
node|885945793|Վազաշեն|village|"Aygehovit, Tavush, Armenia, Asia"|41.0028591|45.2887289||
node|891527815|Բագրատաշեն|village|"Bagratashen, Tavush, Armenia, Asia"|41.2429366|44.8182100||
node|891532273|Ճոճկան|village|"Chochkan, Lori, Armenia, Asia"|41.1801110|44.8332303|1890|
node|891556795|Դեբետավան|village|"Bagratashen, Tavush, Armenia, Asia"|41.2790033|44.8138326||
node|891749445|Մեծավան|village|Metsavan;Lori;Armenia;Asia|41.2000371|44.2289073|5895|
node|891806397|Դաշտադեմ|village|"Tashir, Lori, Armenia, Asia"|41.1396590|44.1745656|216|
node|891806400|Գետավան|village|"Urut, Stepanavan, Lori, Armenia, Asia"|41.0536317|44.3376439|84|
node|891806406|Սարատովկա|village|"Tashir, Lori, Armenia, Asia"|41.0767990|44.3096631|428|
node|891814902|Սվերդլով|village|"Urut, Stepanavan, Lori, Armenia, Asia"|41.0949130|44.3990987||
node|891837656|Ուռուտ|village|"Urut, Stepanavan, Lori, Armenia, Asia"|41.0684520|44.3956225|1197|
node|891862477|Արմանիս|village|"Stepanavan, Lori, Armenia, Asia"|41.0088291|44.3282735||
node|891874671|Միխայելովկա|village|"Lernahovit, Lori, Armenia, Asia"|41.1648604|44.2785810|840|
node|891875616|Պետրովկա|village|"Lernahovit, Lori, Armenia, Asia"|41.1691281|44.3127531|248|
node|891880781|Նորաշեն|village|"Norashen, Lori, Armenia, Asia"|41.1890252|44.3433087|1505|
node|891885941|Ձորամուտ|village|"Lernahovit, Lori, Armenia, Asia"|41.1981965|44.2880338|320|
node|891888967|Գոգավան|village|"Lernahovit, Lori, Armenia, Asia"|41.2061559|44.3192548|84|
node|894528468|Ջիլիզա|village|Alaverdi; Lori; Armenia; Asia|41.2286595|44.6259456||
node|923301729|Լեռնահովիտ|village||41.1610580|44.3707619|1524|
node|923363608|Ձյունաշող|village||41.1822495|44.1836510||
node|924561582|Բջնի|village||40.4594500|44.6486100|3000|
node|924561629|Զորավան|village||40.3537205|44.5232083||
node|924561765|Սոլակ|village||40.4636100|44.7086000||
node|924561816|Թեղենիկ|village||40.4238900|44.5755700||
node|924562160|Քարաշամբ|village||40.4069600|44.5759060||
node|924562404|Աղավնաձոր|village||40.5804992|44.6980413||
node|924562493|Արագյուղ|village||40.4019444|44.5406556||
node|924562501|Արզական|village||40.4465355|44.6063992||
node|924816089|Մարգահովիտ|village||40.7388404|44.6874900||
node|924816101|Ֆիոլետովո|village||40.7253667|44.7180352|750|
node|925354744|Կարենիս|village||40.3916600|44.6072100||
node|925354841|Նուռնուս|village||40.3579300|44.6059100||
node|925354860|Արզնի|village||40.2964841|44.5952192||
node|925355014|Արգել|village||40.3794300|44.5994500||
node|925355442|Նոր Հաճն|town||40.3006902|44.5803502||
node|925357016|Կապուտան|village||40.3241146|44.6968730||
node|925396300|Հացիկ|village||40.8471850|43.8741208||
node|925396516|Մարմաշեն|village||40.8369590|43.7789881||
node|925396987|Վահրամաբերդ|village||40.8621970|43.7546830||
node|925397116|Շիրակ|village||40.8384310|43.9141470||
node|925397186|Ջաջուռ|village||40.8511017|43.9531657||
node|925397240|Մայիսյան|village||40.8477182|43.8359156||
node|925397343|Ջրաշեն|village||40.7908329|44.1906777||
node|925397385|Շիրակամուտ|village||40.8522862|44.1610476||
node|925397618|Լուսաղբյուր|village||40.8608935|44.0347110||
node|925397665|Հովունի|village||40.8717690|43.7978963||
node|925967382|Կեչուտ|village||39.8047310|45.6700500|944|
node|928427643|Աշոտավան|village||39.4770368|45.9947360|589|
node|928427649|Բռնակոթ|village||39.4970430|45.9730860|1960|
node|928427651|Շաքի|village||39.5640050|45.9975400|1197|
node|928437707|Ախլաթյան|village||39.4428059|46.0376167|535|
node|928437708|Դաստակերտ|village||39.3795732|46.0270050|323|
node|928448431|Անգեղակոթ|village||39.5692234|45.9426083|1582|
node|928462017|Աղիտու|village||39.5179144|46.0818131|436|
node|928462020|Որոտան|village||39.4886740|46.1415400||
node|928462026|Հարժիս|village||39.4335672|46.2225101|879|
node|928462047|Դարբաս|village||39.4405634|46.1228886|556|
node|928462056|Վաղատին|village||39.5044930|46.1183673|593|
node|928462064|Նորավան|village||39.5232125|46.0906585|485|
node|928469913|Քարաշեն|village||39.5398558|46.4209024|550|
node|928469918|Հարթաշեն|village||39.4856080|46.3813650|717|
node|928469924|Շինուհայր|village||39.4347254|46.3159899|2661|
node|928469927|Խնձորեսկ|village|"Armenia, Asia"|39.5123310|46.4336400|2070|
node|928469932|Քարահունջ|village||39.4790680|46.3588550|1365|
node|928469936|Խոտ|village||39.4444300|46.3365610|942|
node|928469939|Հալիձոր|village||39.4128447|46.2949370|551|
node|928469942|Ներքին Խնձորեսկ|village||39.4941293|46.5029200|276|
node|928504613|Վերին Խոտանան|village||39.3103320|46.3742820||
node|928504641|Ըրկենանց|village||39.2779290|46.4579980||
node|928504654|Բարաբաթում|village|"Armenia, Syunik"|39.2120569|46.4166966||
node|928504670|Տավրուս|village||39.2986330|46.3589670||
node|928504677|Արծվանիկ|village||39.2616990|46.4735420|625|
node|928504688|Դավիթ Բեկ|village||39.3199048|46.4950960|796|
node|928504712|Սյունիք|village||39.2034777|46.4690611|791|
node|928504747|Շահումյան|village|"Armenia, Syunik"|39.2147890|46.4315480||
node|928517004|Վանք|village||39.0481460|46.2510600||
node|928517006|Լեհվազ|village||38.9395900|46.2150800|571|
node|933823630|Բավրա|village||41.1205631|43.8087013|538|
node|933844741|Սարագյուղ|village||41.1442191|43.8379487|192|
node|933865125|Թավշուտ|village||41.0862351|43.8055633|370|
node|933865130|Սիզավետ|village||41.1018316|43.8358853|318|
node|933865136|Ղազանչի|village||41.0722861|43.8398684|571|
node|933874608|Աղվորիկ|village||41.0774116|43.7619358|90|
node|933882480|Արդենիս|village||41.0773970|43.7223657|132|
node|933882481|Զորակերտ|village||41.0909828|43.6602243|152|
node|934788125|Սարչապետ|town||41.1951369|44.3857212|6553|
node|934788127|Ապավեն|village||41.2155427|44.3548223|128|
node|934788130|Արծնի|village||41.2138640|44.3690702||
node|955155908|Զանգակատուն|village||39.8191849|45.0416277|1042|
node|955219312|Արարատ|town||39.8553423|44.6945826|20235|
node|955219406|Արարատ|village||39.8314253|44.7040661|7609|
node|958442161|Փոքր Վեդի|village||39.9004096|44.6039952|2772|
node|958710338|Մասիս|town||40.0617279|44.4427915|20215|
node|961792140|Վանաշեն|village||39.8978921|44.6861520|2364|
node|961792317|Արալեզ|village||39.9010589|44.6521522|2243|
node|961792342|Սիսավան|village||39.9070850|44.6662553|1841|
node|962179307|Նոր Կյանք|village||39.9003116|44.6320994|2291|
node|962179489|Տափերական|village||39.9225214|44.5959118|3128|
node|963634679|Լանջանիստ|village||39.8731419|44.9504900|190|
node|963634753|Շաղափ|village||39.8802784|44.8909653|913|
node|964688375|Պաղակն|village||41.0640140|43.6569741||
node|964806611|Արազափ|village||40.0434924|44.1463742|1800|
node|966271218|Մխչյան|village||40.0207949|44.4887355|4535|
node|966271230|Դիմիտրով|village||40.0062163|44.4904250|1391|
node|966287964|Նոր Ուղի|village||39.9260479|44.6365345|761|
node|966783938|Ավշար|village||39.8539778|44.6809360|4929|
node|966784051|Այգավան|village||39.8707440|44.6633815|3914|
node|970772224|Ենոքավան|village||40.9129237|45.1061593|494|
node|970824164|Խաշթառակ|village||40.9366103|45.1817810||
node|980845648|Ոսկետափ|village||39.8854255|44.6492604|4808|
node|995962372|Անտառուտ|village||40.3548844|44.2628825||
node|1123568385|Բյուրական|village||40.3380020|44.2714773||
node|1194763130|Անիավան|village||40.4644327|43.6427789||
node|1194773957|Թլիկ|village||40.4126059|43.6234577||
node|1195755620|Բագրավան|village||40.4786841|43.6727999||
node|1195988695|Ջրափի|village||40.5560046|43.6808681||
node|1199437468|Հայկաձոր|village||40.5295880|43.6601831||
node|1240018063|Քաղցրաշեն|village||39.9806426|44.6212138|2794|
node|1240018107|Շահումյան|village||39.9382859|44.5734304|3752|
node|1240138267|Բերդիկ|village||39.9944280|44.5701888|776|
node|1240138275|Այգեզարդ|village||39.9583319|44.6011983|2994|
node|1240138283|Այգեպատ|village||39.9548795|44.5889099|1287|
node|1240217273|Վերին Արտաշատ|village||39.9976593|44.5844457|4334|
node|1240285509|Մեծամոր|town||40.1443582|44.1192082|10000|
node|1240302418|Նորաշեն|village||40.0030835|44.5982600|3034|
node|1242489460|Բալահովիտ|village||40.2554428|44.6019412|3200|
node|1242489586|Մայակովսկի|village||40.2551165|44.6329020|1800|
node|1242489801|Ողջաբերդ|village||40.1728549|44.6432385|950|
node|1243150163|Ջրահովիտ|village||40.0435501|44.4721412|1072|
node|1243150175|Մարմարաշեն|village||40.0576593|44.4711542|2871|
node|1243150178|Ոստան|village||39.9655295|44.5590937|2739|
node|1243150201|Մրգավետ|village||40.0289447|44.4813042|2084|
node|1243164171|Բերքանուշ|village||39.9749246|44.5224287|1568|
node|1243164175|Ազատավան|village||39.9846713|44.5057493|2713|
node|1243178200|Մասիս|village||39.9970527|44.4943464|1370|
node|1243178201|Այնթափ|village||40.0972827|44.4687328|8376|
node|1243376440|Կանաչուտ|village||40.0076553|44.5446050|1028|
node|1243376453|Մրգանուշ|village||40.0267785|44.5582382|1101|
node|1243376459|Արևշատ|village||40.0404827|44.5429479|2444|
node|1244597279|Լուսառատ|village||39.8734164|44.5917050|2699|
node|1244656470|Դալար|village||39.9719448|44.5255541|2594|
node|1244779742|Գետազատ|village||40.0375276|44.5656694|1882|
node|1244779743|Վերին Դվին|village||40.0260546|44.5888922|1831|
node|1244779761|Այգեստան|village||40.0027075|44.5581893|2397|
node|1244779827|Դվին|village||40.0198283|44.5833068|2751|
node|1244779965|Հնաբերդ|village||40.0055844|44.5741555|611|
node|1244827542|Վարդաշեն|village||40.0308673|44.5605430|473|
node|1244838400|Բաղրամյան|village||39.9808360|44.5133390|1614|
node|1248701065|Արաքս|village||40.0971131|43.9536745||
node|1248701088|Հուշակերտ|village||40.0844243|43.9321576|1000|
node|1248701127|Սարդարապատ|village||40.1343130|44.0099725|6200|
node|1248701136|Նորապատ|village||40.1403233|44.0381324|2500|
node|1248737159|Վանանդ|village||40.1024037|43.8174034|1000|
node|1248819281|Նոր Կեսարիա|village||40.0589790|43.9081178|1500|
node|1248847782|Նալբանդյան|village||40.0639982|43.9857958|5400|
node|1248847853|Գետաշեն|village||40.0450287|43.9432855|2400|
node|1248972714|Ջանֆիդա|village||40.0468685|44.0264553|3300|
node|1249043026|Ռանչպար|village||40.0275062|44.3670246|1413|
node|1249043282|Արգավանդ|village||40.0596605|44.0947816|2400|
node|1249043378|Արաքս|village||40.0562042|44.3018558|1800|
node|1252449729|Լճափ|village||40.4616386|45.0627644|982|
node|1307539168|Թաթուլ|village||40.3935568|43.8146340||
node|1307539420|Հացաշեն|village||40.4307142|43.7766557||
node|1307539635|Ցամաքասար|village||40.4661319|43.7607126||
node|1307540112|Զարինջա|village||40.4758894|43.7804666||
node|1307540554|Սուսեր|village||40.4639440|43.7290353||
node|1307541211|Նոր Արթիկ|village||40.4657075|43.7055342||
node|1307541882|Արտենի|village||40.2978172|43.7644141||
node|1307551671|Դաշտադեմ|village||40.3415729|43.8580124||
node|1308861959|Մաստարա|village||40.4475189|43.8813253||
node|1361912371|Նիգավան|village|"Aragatsotn, Armenia, Asia"|40.6160957|44.3023588||
node|1363386647|Արտաբույնք|village||39.8744283|45.3301286|984|
node|1363386687|Եղեգիս|village||39.8725793|45.3593006|369|
node|1363386697|Շատին|village||39.8300260|45.2988631|1736|
node|1363550154|Չիվա|village||39.7656173|45.1393648|698|
node|1363550269|Աղավնաձոր|village||39.7836111|45.2280556|1890|
node|1364921829|Քարագլուխ|village||39.8913959|45.2679196|743|
node|1364922017|Ելփին|village||39.8079609|45.1100792|1209|
node|1369421100|Վերին Վաչագան|village||39.1805877|46.3745329||
node|1369421104|Բաղաբուրջ|village|"Kapan,Syunik,Armenia"|39.1909459|46.3991438||
node|1376519937|Շամբ|village||39.4663086|46.1516156|416|
node|1376930355|Լեռնաձոր|village||39.1572394|46.2017117|866|
node|1376930359|Շղարշիկ|village|"Kapan,Syunik,Armenia"|39.2298923|46.3336347||
node|1377022149|Խնացախ|village||39.6055495|46.3925148|998|
node|1377022153|Վերիշեն|village||39.5325002|46.3169977|2264|
node|1377022154|Ակներ|village||39.5338559|46.3057475|1374|
node|1377022161|Ներքին Խոտանան|village||39.2859569|46.3766540||
node|1377022164|Կոռնիձոր|village||39.5466952|46.5313820|1100|
node|1377667954|Բագարան|village||40.1448533|43.6593157||
node|1377667955|Արգինա|village||40.2744272|43.7374786||
node|1377667956|Քարակերտ|village||40.2442356|43.8180494||
node|1377667957|Երվանդաշատ|village||40.1186186|43.6706235||
node|1379054538|Լուկաշին|village||40.1856600|44.0045140||
node|1379054539|Բաղրամյան|village||40.1936124|43.8554399||
node|1379054540|Արմավիր|village||40.0840970|44.0541030||
node|1379054541|Շենիկ|village||40.2126566|43.7694013||
node|1379054542|Նորավան|village||40.1720530|44.0321730||
node|1379054543|Խանջյան|village||40.1862180|43.9743230||
node|1379054544|Կողբավան|village||40.1430844|43.7564858||
node|1379054545|Բամբակաշատ|village||40.1091253|44.0157090||
node|1379054546|Արտամետ|village||40.1221311|43.8576525||
node|1379054547|Նոր Արտագերս|village||40.0684692|44.0063758||
node|1379054548|Ջրաշեն|village||40.0842360|44.0198030||
node|1379054550|Նաիրի|village||40.1639960|43.9587957||
node|1379054551|Նոր Արմավիր|village||40.0859030|43.9915110||
node|1379054552|Լենուղի|village||40.1239790|43.9640670||
node|1379054553|Մյասնիկյան|village||40.1796600|43.9171170||
node|1379054554|Հացիկ|village||40.1710238|43.9501606||
node|1379054555|Բերքաշատ|village||40.0403793|43.9086202||
node|1379054556|Ամասիա|village||40.0822740|43.9668560||
node|1379054557|Այգեվան|village||40.1395150|43.9728807||
node|1379054558|Դալարիկ|village||40.2260861|43.8761721||
node|1379054559|Մրգաշատ|village||40.1212685|44.0648423||
node|1379054561|Տալվորիկ|village||40.1015029|43.8782494||
node|1379054562|Տանձուտ|village||40.0702060|44.0759040||
node|1379054563|Լեռնագոգ|village||40.2534271|43.8649044||
node|1379054564|Ալաշկերտ|village||40.1081747|44.0530705||
node|1379054565|Արևադաշտ|village||40.1320066|43.9329805||
node|1379054566|Այգեշատ|village||40.0749310|44.0589310||
node|1379054567|Հայկավան|village||40.0905650|44.0440820||
node|1379096908|Շահումյան|village||40.2132832|44.2986940||
node|1379096909|Մրգաստան|village||40.2007195|44.2781363||
node|1379096911|Ծաղկունք|village||40.1788977|44.2695223||
node|1379096929|Հովտամեջ|village||40.1831791|44.2575547||
node|1379096930|Արշալույս|village||40.1678880|44.2127180||
node|1379096934|Եղեգնուտ|village||40.0912047|44.1554403||
node|1379096947|Աղավնատուն|village||40.2335948|44.2517229||
node|1379096951|Գեղակերտ|village||40.1862993|44.2434026||
node|1379096968|Զարթոնք|village||40.1081547|44.1651275||
node|1379096971|Ակնալիճ|village||40.1456839|44.1579737||
node|1379096974|Դողս|village||40.2227800|44.2715760||
node|1379096997|Ֆերիկ|village||40.1866621|44.2084496||
node|1379096998|Լեռնամերձ|village||40.2581597|44.2640261||
node|1379097000|Հայթաղ|village||40.1804942|44.2288705||
node|1379097023|Արևիկ|village||40.0991740|44.0923080||
node|1379097025|Ծաղկալանջ|village||40.1987061|44.2284905||
node|1379097027|Արագած|village||40.2172031|44.2315299||
node|1379097047|Մայիսյան|village||40.1550970|44.0939500||
node|1379097053|Դաշտ|village||40.2272690|44.3002440||
node|1379097055|Ծիածան|village||40.1863719|44.2660080||
node|1379097072|Այգեշատ|village||40.2344680|44.2867010||
node|1379097077|Ամբերդ|village||40.2399890|44.2715000||
node|1380065760|Տարոնիկ|village||40.1334620|44.1988670||
node|1380065765|Բաղրամյան|village||40.1939379|44.3682006||
node|1380065780|Ջրարբի|village||40.0875009|44.2387749||
node|1380065788|Ակնաշեն|village||40.0955140|44.2860339||
node|1380065805|Ոսկեհատ|village||40.1426031|44.3315627||
node|1380065812|Մեծամոր Գյուղ|village||40.0727372|44.2897391||
node|1380065825|Գայ|village||40.0833282|44.3067747||
node|1380065842|Նորակերտ|village||40.1932416|44.3483878||
node|1380065844|Արտաշար|village||40.1085050|44.1831060||
node|1380065866|Առատաշեն|village||40.1291332|44.2268189||
node|1380065869|Այգեկ|village||40.1894291|44.3832132||
node|1380065882|Երասխահուն|village||40.0734470|44.2163931||
node|1380065884|Ապագա|village||40.0931682|44.2515935||
node|1380065901|Լուսագյուղ|village||40.0883787|44.2700062||
node|1380065913|Գրիբոեդով|village||40.1131914|44.2709999||
node|1380065926|Հայկաշեն|village||40.0718138|44.3076975||
node|1380065966|Մարգարա|village||40.0336959|44.1774585||
node|1380065969|Արտիմետ|village||40.1517779|44.2657667||
node|1381614656|Ներքին Բազմաբերդ|village|"Aragatsotn, Armenia, Asia"|40.3384882|44.0114263|1710|
node|1381614660|Ագարակ|village|"Aragatsotn, Armenia, Asia"|40.3323164|44.0700646||
node|1381640006|Արագածավան|village||40.3190651|43.6634102||
node|1381640034|Հակո|village||40.3850338|43.6927466||
node|1381640041|Գետափ|village||40.3853411|43.6172392||
node|1381640052|Կանչ|village||40.3815792|43.7295795||
node|1381658266|Սորիկ|village||40.4180507|43.7234285||
node|1381658331|Արևուտ|village||40.3625271|43.8095621||
node|1381684920|Աշնակ|village||40.3326734|43.9188740||
node|1381684926|Դդմասար|village||40.3424762|43.8264626||
node|1381684928|Լուսակն|village||40.2917626|43.8276538||
node|1404695478|Փանիկ|village||40.6617127|43.9718479||
node|1404695480|Մեղրաշեն|village||40.6694795|43.9581492||
node|1404695487|Գետափ|village||40.6599742|43.9953912||
node|1404700219|Հովտաշեն|village||40.6683920|43.8929668||
node|1404700220|Հոռոմ|village||40.6616279|43.8885835||
node|1404700221|Վարդաքար|village||40.6642983|43.9196714||
node|1404700222|Նոր Կյանք|village||40.6561601|43.9286193||
node|1404709514|Ալագյազ|village||40.6802028|44.2886943||
node|1404714164|Ռյա Թազա|village||40.6567813|44.3008824||
node|1404720721|Վարդաբլուր|village||40.6747437|44.2457877||
node|1404726246|Գեղաձոր|village||40.6335533|44.1721537||
node|1404726983|Հնաբերդ|village||40.6352729|44.1424799||
node|1404735733|Բերքառատ|village||40.6754264|44.1689936||
node|1404776751|Ձորակապ|village||40.5696294|43.8799868||
node|1404777696|Սառնաղբյուր|village||40.5241375|43.9076751||
node|1404778496|Քարաբերդ|village||40.5434585|43.8309427|1276|
node|1404779527|Ձիթհանկով|village||40.5081347|43.8186526||
node|1404779595|Լանջիկ|village||40.5077432|43.8612246||
node|1406128446|Նորաշեն|village||40.6557666|44.0807576||
node|1406129947|Տուֆաշեն|village||40.6045388|43.9170375||
node|1410192184|Ծաղկահովիտ|village||40.6392116|44.2226852||
node|1410208935|Արևշատ|village||40.6527231|44.0448054||
node|1410209525|Մեծ Մանթաշ|village||40.6453340|44.0560551||
node|1410209738|Փոքր Մանթաշ|village||40.6404040|44.0434074||
node|1410214874|Սպանդարյան|village||40.6616436|44.0220023||
node|1410338776|Հառիճ|village||40.6078779|44.0023026||
node|1410340096|Նահապետավան|village||40.6078779|44.0148101||
node|1411522997|Լեռնակերտ|village||40.5616530|43.9391868||
node|1413358276|Սարալանջ|village||40.6208158|44.0206176||
node|1413380398|Այգեբաց|village||40.7020573|43.9058463||
node|1414445007|Կամո|village||40.8255979|43.9496088||
node|1414844181|Կառնուտ|village||40.7827831|43.9553808||
node|1414867638|Ախուրյան|village||40.7786171|43.8996682||
node|1415979807|Ոսկեհասկ|village||40.7616989|43.7760322||
node|1415979811|Ախուրիկ|village||40.7442347|43.7770408||
node|1415982585|Երազգավորս|village||40.7035847|43.7757748||
node|1415982590|Բայանդուր|village||40.6940516|43.7681809||
node|1415987000|Լուսաղբյուր|village||40.6382345|43.7429885||
node|1415987001|Գուսանագյուղ|village||40.6647377|43.7906889||
node|1416053609|Բարձրաշեն|village||40.5937251|43.7404147||
node|1417357565|Փոքրաշեն|village||40.8907077|43.8735665||
node|1417357566|Քեթի|village||40.8736621|43.8447682||
node|1417385896|Արփենի|village||40.9162024|43.9033932||
node|1418158624|Բերդաշեն|village||41.0569393|43.6700233||
node|1418174042|Զարիշատ|village||40.9989074|43.6587151|108|
node|1418175344|Երիզակ|village||40.9809451|43.6424931||
node|1418186895|Ամասիա|village||40.9573106|43.7856103||
node|1418187945|Ցողամարգ|village||40.9477288|43.8575633||
node|1418201608|Լուսակերտ|village||40.6735430|43.8571428||
node|1426317578|Հայանիստ|village||40.1217400|44.3726711|2117|
node|1426317634|Հովտաշատ|village||40.1032032|44.3443913|3207|
node|1431670372|Սիս|village||40.0593987|44.3827561|1201|
node|1431687869|Սայաթ–Նովա|village||40.0735565|44.3990564|1886|
node|1431694960|Զորակ|village||40.0917473|44.3935417|1783|
node|1431694961|Նիզամի|village||40.0918433|44.4039562|1327|
node|1431709083|Դաշտավան|village||40.1004444|44.3913820|1970|
node|1431709087|Խաչփառ|village||40.1237473|44.4013813|2049|
node|1431709094|Արբաթ|village||40.1393001|44.4008663|2058|
node|1431709108|Դարբնիկ|village||40.1086818|44.3795395|1214|
node|1435419875|Լճաշեն|village||40.5183509|44.9333111||
node|1435471104|Գագարին|village||40.5406328|44.8695646||
node|1435471105|Վարսեր|village||40.5533712|44.9170837||
node|1435471119|Գեղամավան|village||40.5636335|44.8880344||
node|1438261406|Շենավան|village||40.4829024|44.3847752||
node|1438261414|Արագած|village||40.4924331|44.3537904||
node|1438261417|Վարդենուտ|village||40.4698446|44.3668366||
node|1438261424|Ծաղկաշեն|village||40.5031528|44.3550937||
node|1438261426|Քուչակ|village||40.5171526|44.3906342||
node|1438261427|Հարթավան|village||40.4775347|44.3998164||
node|1438263176|Արա|village||40.4560332|44.3744756||
node|1438263177|Ափնագյուղ|village||40.4391095|44.3922992||
node|1438271739|Արտաշավան|village||40.3878585|44.3828526||
node|1438271740|Կարբի|village||40.3299561|44.3764101||
node|1438271741|Ուշի|village||40.3489783|44.3751203||
node|1438271742|Սաղմոսավան|village||40.3808859|44.3938303|198|
node|1438343799|Նոր Խարբերդ|village||40.0896697|44.4792319|7366|
node|1438386777|Զոլաքար|village||40.1300849|45.3763085||
node|1438386778|Ծովինար|village||40.1589519|45.4674788||
node|1438386779|Աստղաձոր|village||40.1222095|45.3575974||
node|1438386780|Վաղաշեն|village||40.1371720|45.3301316||
node|1438386781|Վարդենիկ|village||40.1391405|45.4308968||
node|1438386782|Արծվանիստ|village||40.1572481|45.5014497||
node|1438431360|Ծովակ|village||40.1856331|45.6276746||
node|1438431361|Կարճաղբյուր|village||40.1667916|45.5784359||
node|1438462837|Գեղամասար|village||40.3110986|45.6811791||
node|1438462854|Փոքր Մասրիկ|village||40.2593736|45.7232362||
node|1438538505|Փամբակ|village||40.3796549|45.5316621||
node|1438538506|Ավազան|village||40.3036369|45.7043534||
node|1438538507|Դարանակ|village||40.3664452|45.5695992||
node|1438538508|Շորժա|village||40.5024434|45.2753459||
node|1438538509|Ջիլ|village||40.4529748|45.4497796||
node|1438538510|Ծափաթաղ|village||40.4105639|45.4742099||
node|1438538511|Աղբերք|village||40.5300685|45.2800862||
node|1438538512|Արեգունի|village||40.3380584|45.6082230||
node|1438577656|Լերմոնտովո|village||40.7592392|44.6342164|791|
node|1438578001|Ծովագյուղ|village||40.6320818|44.9583131||
node|1444881289|Կապս|village||40.8696802|43.7539702||
node|1444881290|Բյուրակն|village||40.8678563|43.7170544|920|
node|1444881293|Մեղրաշատ|village||40.8550035|43.6938801||
node|1444897957|Կամխուտ|village||40.9003018|43.7012615||
node|1444897960|Բանդիվան|village||40.9583892|43.8105591||
node|1444897961|Ողջի|village||40.8225780|43.7370872||
node|1444897962|Հողմիկ|village||40.9187238|43.8082066||
node|1444897970|Արեգնադեմ|village||40.9303970|43.7543049||
node|1444897972|Գթաշեն|village||40.9188535|43.7251225||
node|1444897973|Հայկավան|village||40.8031125|43.7531033||
node|1444897979|Գոգհովիտ|village||40.9280626|43.8337841||
node|1444897983|Թորոսգյուղ|village||40.9348064|43.8736096||
node|1444911072|Հովտուն|village||40.9693415|43.8145205||
node|1445333238|Մեդովկա|village||41.1214146|44.3503132||
node|1445334723|Արջուտ|village||40.8583468|44.3801394||
node|1449882183|Ազատան|village||40.7183874|43.8271084||
node|1449882186|Բենիամին|village||40.6901634|43.8498530||
node|1450697070|Մուղնի|village||40.3120779|44.3718141||
node|1450697081|Նոր Երզնկա|village||40.3138450|44.4055455||
node|1450810367|Ոսկեվազ|village||40.2800496|44.2952446||
node|1450810381|Օհանավան|village||40.3413555|44.3825080||
node|1450817064|Ոսկեհատ|village||40.2769065|44.2742160||
node|1450817073|Շամիրամ|village||40.2758751|44.0985292||
node|1450817083|Արուճ|village||40.2865120|44.0791663||
node|1450817130|Կոշ|village||40.2974810|44.1587608||
node|1450851867|Վերին Բազմաբերդ|village||40.3651359|44.0211099||
node|1450851909|Դավթաշեն|village||40.3602964|43.9558786||
node|1450851926|Ներքին Սասնաշեն|village||40.3570262|43.9920991||
node|1450851980|Կաթնաղբյուր|village||40.3793910|43.9471238||
node|1450852024|Իրինդ|village||40.3934960|43.9751062||
node|1462695524|Պտղնի|village||40.2562765|44.5835397||
node|1477889216|Այրում|village||41.1898359|44.9013849||
node|1477894183|Ախթալա|village||41.1481619|44.7698018|2400|
node|1477894189|Նեղոց|village||41.1382952|44.7699468||
node|1477902723|Ձորագետ|village||40.9455151|44.6291308||
node|1477903601|Վահագնաձոր|village||40.8862296|44.5920690||
node|1477904647|Փամբակ|village||40.8304636|44.5576701||
node|1477924641|Ծիլքար|village||40.7203768|44.2066958||
node|1477926948|Գեղարոտ|village||40.7047796|44.2194326||
node|1477926950|Ջամշլու|village||40.6897820|44.2743563||
node|1482490818|Անուշավան|village||40.6488386|43.9769959||
node|1482603019|Պեմզաշեն|village||40.5853531|43.9385285||
node|1482603021|Ուջան|village||40.2959129|44.2078222||
node|1482603031|Հայրենյաց|village||40.6304753|43.8726779||
node|1482603046|Կաքավաձոր|village||40.3480861|44.0502953||
node|1503192943|Լանջաղբյուր|village||40.2724371|45.1382962|2115|
node|1511698275|Այգեպար|village||40.9293205|45.4663399||
node|1516720427|Ալափարս|village||40.4232027|44.6375248||
node|1550308863|Առափի|village||40.7772449|43.8071376||
node|1560783742|Դսեղ|village||40.9597646|44.6493244||
node|1560783784|Ձորագյուղ|village||40.9490087|44.6169044||
node|1560783823|Չկալով|village||40.9343584|44.6515533||
node|1863565008|Նորաշեն|village||40.5038406|45.0249443||
node|1863584935|Ծովազարդ|village||40.4817764|45.0457545|1905|
node|1868259819|Վեդի|town||39.9138481|44.7224953|11384|
node|1872929438|Նոր Գեղի|village||40.3170555|44.5780427||
node|1872982710|Բյուրեղավան|village||40.3122738|44.5977256||
node|1873006029|Գետամեջ|village||40.2717940|44.5815385||
node|1875009313|Շենկանի|village||40.6389512|44.2722255||
node|1876250908|Գեղադիր|village||40.6530827|44.1063200||
node|1876496591|Գետահովիտ|village||40.8963048|45.1425210||
node|1877205386|Մելիքգյուղ|village||40.6664425|44.3545726||
node|1877277916|Միրաք|village||40.6399725|44.3274608||
node|1877277943|Լուսագյուղ|village||40.6089521|44.3856240||
node|1877277984|Սարալանջ|village||40.5960442|44.3917158||
node|1877277992|Վարդենիս|village|Aragatsotn|40.5675414|44.4066289||
node|1877364995|Թթուջուր|village||40.5694322|44.4598440||
node|1877365020|Չքնաղ|village||40.5782997|44.4344029||
node|1877365024|Ձորագլուխ|village||40.5754302|44.4887689||
node|1878161407|Սարալանջ|village||40.4003223|44.5196679||
node|1878161614|Երնջատափ|village||40.4524667|44.4643736||
node|1878161706|Շողակն|village||40.4673840|44.4787267||
node|1882218870|Պռոշյան|village||40.2482864|44.4193599||
node|1882245146|Փարպի|village||40.3279389|44.3161183||
node|1883516049|Օշական|village||40.2668923|44.3117312||
node|1890073848|Արամուս|village||40.2491983|44.6629993||
node|1890119728|Զովք|village||40.2091991|44.6925088||
node|1890119788|Ակունք|village||40.2673488|44.6850728||
node|1890119794|Կաթնաղբյուր|village||40.2559334|44.6783773||
node|1890420675|Սարակապ|village||40.5533079|43.7288390||
node|1891253625|Ավշեն|village||40.7227706|44.2921756||
node|1891253732|Սիփան|village||40.7209825|44.2707823||
node|1891253784|Լեռնավան|village||40.7879336|44.1610048||
node|1891253815|Կաթնաջուր|village||40.8231539|44.1414547||
node|1891253830|Լեռնապար|village||40.7425498|44.1615928||
node|1891253886|Սարամեջ|village||40.7755279|44.2237986||
node|1891257754|Գեղասար|village||40.8464761|44.1825161||
node|1891389289|Մեծ Պարնի|village||40.8333878|44.1108979||
node|1899015006|Անտառաշեն|village||40.7503884|44.6204131||
node|1899015447|Քարաբերդ|village||40.8431779|44.5227630||
node|1904425963|Խարբերդ|village||40.0929766|44.5014076||
node|1925782148|Գեղանիստ|village||40.6828266|44.0251372||
node|1940424639|Բեխ|village||39.2040919|46.3712738||
node|1949977558|Թեղուտ|village||41.1118435|44.8495348||
node|1953228331|Արմաշ|village||39.7645763|44.8074774|2378|
node|1965593306|Հանքավան|village||40.6348022|44.4828511||
node|1988177673|Շաղատ|village||39.5687975|45.9082132|969|
node|1988963727|Սևաբերդ|village||40.2737997|44.8027775||
node|1994442068|Լեռնապատ|village||40.8162548|44.3926270||
node|1994513737|Դարպաս|village||40.8369597|44.4238850||
node|1995041525|Գուգարք|village||40.8036662|44.5407626||
node|2000001415|Որոտան|village||39.4250180|46.3758650||
node|2001909719|Եղիապատրուշ|village||40.5338005|44.4727382||
node|2001947938|Օրգով|village||40.3471874|44.2535647||
node|2007331092|Գյուղաձոր|village||40.0591694|44.8151481||
node|2008280416|Անտառամուտ|village||40.9328185|44.5643344||
node|2008280421|Դեբետ|village||40.9176135|44.6482328||
node|2008280424|Կաչաղան|village||40.9726546|44.6107259||
node|2008280427|Կարմիր Աղեկ|village||40.9778693|44.5643898||
node|2008280430|Կողես|village||40.9872064|44.5344763||
node|2008280433|Մարց|village||40.9542863|44.7024996||
node|2008280436|Քարինջ|village||40.9729917|44.6913316||
node|2008280442|Ծաթեր|village||40.9709725|44.6270119||
node|2008280449|Վահագնի|village||40.9076507|44.6094884||
node|2008280453|Վարդաբլուր|village||40.9666793|44.5073633||
node|2008280456|Եղեգնուտ|village||40.9019389|44.6296754||
node|2008311142|Մեղրաձոր|village||40.6068982|44.6497049||
node|2016695559|Ակոռի|village||41.0902722|44.6176351||
node|2016724919|Օձուն|village||41.0516533|44.6156155|4557|
node|2016724941|Կաճաճկուտ|village||41.1104633|44.5876348||
node|2016889148|Այգեհատ|village||41.0152184|44.6226751||
node|2022096605|Հացավան|village||40.1385305|44.6516783||
node|2026714086|Բերքաբեր|village||41.0555417|45.1457351||
node|2028329851|Ծաղկավան|village||41.0284329|45.1212391||
node|2028390415|Աչաջուր|village||40.9883735|45.1509355||
node|2032134032|Ծաղկունք|village||40.5778384|44.8777122||
node|2032868606|Barxudarlı|village||40.9892151|45.2077602||
node|2036738851|Լեռնանիստ|village||40.4677918|44.7923682||
node|2038589184|Դդմաշեն|village||40.5697933|44.8159795||
node|2038589189|Քաղսի|village||40.4759717|44.7431438||
node|2038589194|Զովաբեր|village||40.5667222|44.7883799||
node|2038799424|Ցամաքաբերդ|village||40.5600128|44.9840789||
node|2042541468|Սարահարթ|village||40.8695064|44.2149473||
node|2042541470|Արևաշող|village||40.8521906|44.2775607||
node|2042541741|Շենավան|village||40.8687405|44.2382503||
node|2042541845|Քարաձոր|village||40.8452598|44.3217635||
node|2042542039|Գոգարան|village||40.8910514|44.2005277||
node|2190915922|Ջրառատ|village||40.7374396|44.0290587|1300|
node|2225408731|Պրիվոլնոյե|village|Armenia; Asia|41.1463935|44.4478028||
node|2225752208|Այգեհովիտ|village||40.9792186|45.2518129||
node|2225752211|Դիտավան|village||40.9732941|45.2050446||
node|2226166543|Աղավնավանք|village||40.7224234|45.0924224||
node|2226166557|Անտառամեջ|village||40.6849051|45.0883495||
node|2226166567|Բարեպատ|village||40.6699332|45.1131388||
node|2226166571|Դպրաբակ|village||40.6856692|45.1312471||
node|2226166574|Ձորավանք|village||40.6984080|45.1061357||
node|2226166577|Խաչարձան|village||40.7188135|45.0553395||
node|2226166580|Լորուտ|village||40.9373897|44.7717911||
node|2226166584|Լուսաձոր|village||40.9367785|45.1493325||
node|2226166588|Լուսահովիտ|village||40.9157021|45.1897296||
node|2226166591|Մղարթ|village||40.9966886|44.5824820||
node|2226167321|Ակնաղբյուր|village||40.9630085|45.1598509||
node|2235177379|Նշխարք|village||40.0042992|45.2399361||
node|2235511311|Գեղհովիտ|village||40.1158647|45.2902119||
node|2237287986|Գեղաքար|village||40.1160216|45.6828479||
node|2260502764|Կամարիս|village||40.2385951|44.6921180||
node|2260502766|Զառ|village||40.2587783|44.7320161||
node|2260622663|Գեղաշեն|village||40.2276972|44.7234634||
node|2261309377|Գեղարդ|village||40.1553256|44.7989211||
node|2261607592|Աճարկուտ|village||41.0355063|45.0851239||
node|2264327696|Ծակքար|village||40.1698644|45.2168544||
node|2265025238|Սադունց|village||40.6457975|44.1991674||
node|2265025287|Օրթաճյա|village||40.6937343|44.3567442||
node|2265025291|Դերեկ|village||40.6990328|44.3228912||
node|2276475433|Նոյակերտ|village||39.8311381|44.6676385|1634|
node|2278907088|Նորատուս|village||40.3747252|45.1759119||
node|2279169161|Տեղ|village||39.5571328|46.4780150|2443|
node|2286557718|Գառնի|village||40.1182057|44.7285764|6910|
node|2286557719|Գողթ|village||40.1384828|44.7857223||
node|2290364864|Գեղադիր|village||40.1538525|44.6531421|950|
node|2291231904|Զովաշեն|village||40.3098991|44.7460809||
node|2291231927|Նոր Գյուղ|village||40.2649663|44.6513927||
node|2323306181|Գյուլագարաք|village||40.9662097|44.4717871||
node|2324133884|Քանաքեռավան|village||40.2466741|44.5345008||
node|2340471169|Ծովասար|village||40.1382034|45.1903480||
node|2340471828|Վարդաձոր|village||40.1897586|45.1994461||
node|2340472071|Երանոս|village||40.2042586|45.1970931||
node|2340473519|Լիճք|village||40.1572293|45.2358590||
node|2340474489|Ներքին Գետաշեն|village||40.1407875|45.2744168||
node|2340474561|Մադինա|village||40.0749619|45.2525459||
node|2340474680|Վերին Գետաշեն|village||40.1322311|45.2494374||
node|2391996976|Ֆանտան|village||40.3929580|44.6831071||
node|2391997427|Ջրաբեր|village||40.3501661|44.6456768||
node|2392006966|Շամուտ|village||40.9390524|44.7951589||
node|2429411485|Դարակերտ|village||40.1063063|44.4133255|2723|
node|2429413701|Նորաբաց|village||40.1065098|44.4320152|2155|
node|2431023382|Նորամարգ|village||40.0226354|44.4235394|2069|
node|2431036099|Հովտաշեն|village||40.0240494|44.4529804|1034|
node|2438043882|Ջրաշեն|village||40.0544374|44.5134176|1607|
node|2456021683|Գոշ|village||40.7287680|44.9986722||
node|2460764305|Հայկասար|village||40.6048039|43.8869223||
node|2463961787|Ջրաձոր|village||40.9122330|43.7697754||
node|2465101990|Հատիս|village||40.3343360|44.7312686||
node|2465698788|Սարատակ|village||40.6701157|43.8699193||
node|2466559243|Եղնիկ|village||40.4075441|43.9421470||
node|2466559256|Շղարշիկ|village||40.4112693|43.9644630||
node|2466563154|Ոսկեթաս|village||40.4468279|43.9460737||
node|2466563158|Կարմրաշեն|village||40.4336161|43.9456875||
node|2466563166|Գառնահովիտ|village||40.4973813|43.9545817||
node|2466563167|Զովասար|village||40.4750557|43.9500541||
node|2521121974|Ղուկասավան|village||40.1273550|44.4189085|2019|
node|2548286265|Սարուխան|village||40.2907166|45.1314645|8309|
node|2556642622|Մեծ Սեպասար|village||41.0484044|43.8248881||
node|2556654894|Ալվար|village||41.0376546|43.7488533||
node|2556654895|Արևիկ|village||40.7426798|43.9037633||
node|2556654896|Աշոցք|village||41.0372507|43.8611414||
node|2556654897|Գետք|village||40.7282782|43.7865051||
node|2556654898|Կրասար|village||41.0182203|43.8249505||
node|2556654899|Փոքր Սեպասար|village||41.0426827|43.8095532||
node|2556654900|Շիրակավան|village||40.6528452|43.7440042||
node|2556686643|Վերին Սասնաշեն|village||40.3670587|43.9859489||
node|2556686644|Ղարիբջանյան|village||40.7408042|43.7996074||
node|2556686645|Իսահակյան|village||40.6163667|43.7288230||
node|2556686647|Լեռնարոտ|village||40.3487937|44.1108113||
node|2556686648|Մրգաշեն|village||40.2840709|44.5397690||
node|2556686649|Սասունիկ|village||40.2507873|44.3447742||
node|2559497300|Պուշկինո|village||40.9579743|44.4196175||
node|2559547606|Կուրթան|village||40.9594196|44.5587204||
node|2559564867|Ազատամուտ|village||40.9850215|45.1897148||
node|2559567558|Լեռնահովիտ|village||40.0713242|45.2594003||
node|2559581116|Այրք|village||40.1223230|45.7915477||
node|2559581117|Ակունք|village||40.1573111|45.7243019||
node|2559586374|Մաքենիս|village||40.1237711|45.6158474||
node|2587002551|Նոր Արտամետ|village||40.3002526|44.5576341||
node|2600251057|Արևաբույր|village||40.0362065|44.4700392|1026|
node|2600437389|Բուրաստան|village||39.9903094|44.4981789|1865|
node|2600440143|Դեղձուտ|village||40.0259726|44.5490898|1027|
node|2600441041|Նշավան|village||40.0261707|44.5254575|1725|
node|2600443897|Աբովյան|village||40.0481052|44.5493838|1402|
node|2603479451|Մրգավան|village||39.9725865|44.5347609|1606|
node|2617652735|Վերին Կարմիր Աղբյուր|village||40.8812149|45.4414889||
node|2617652736|Նորաշեն (Տավուշի մարզ)|village||40.8763801|45.4562947||
node|2622605903|Կութ|village||40.1804858|45.8963240||
node|2622605904|Գեղամաբակ|village||40.1647129|45.8049945||
node|2622605930|Սոտք|village||40.1995264|45.8645280||
node|2622605956|Ազատ|village||40.1783545|45.8713472||
node|2622605968|Շատջրեք|village||40.1644177|45.7926834||
node|2622606025|Շատվան|village||40.1826825|45.8228529||
node|2622606044|Ջաղացաձոր|village||40.1491004|45.8156860||
node|2629439458|Կաթնաղբյուր|village||41.0362596|44.2176651||
node|2629444031|Բլագոդարնոյե|village||41.0867560|44.1808103||
node|2629444063|Մեղվահովիտ|village||41.0981908|44.1569568||
node|2629444067|Նորամուտ|village||41.1057427|44.1379698||
node|2629444160|Պաղախբյուր|village||41.1782335|44.1116942||
node|2629461594|Լոռի Բերդ|village||41.0128661|44.4134272|450|
node|2629461692|Բովաձոր|village||41.0370175|44.4041034||
node|2629461815|Կռուգլայա շիշկա|village||41.1438961|44.3454994||
node|2629461825|Լեջան|village||41.0276956|44.4448220||
node|2630438957|Աթան|village||40.9295429|44.8446767||
node|2630438959|Աղնիձոր|village||40.9078201|44.8207320||
node|2719389787|Ագարակ|village||41.0119901|44.4702300||
node|2782320320|Եղեգնավան|village||39.8387467|44.6258832|1420|
node|2793222877|Սիփանիկ|village||40.0818862|44.3585498|468|
node|2853707725|Մարմարիկ|village||40.5808124|44.6745715||
node|2853709229|Արտեվազ|village||40.6157537|44.5708251||
node|2919539920|Դեղձավան|village||41.2550162|44.8858692||
node|2922011076|Սեմյոնովկա|village||40.6590758|44.9006297||
node|2933445707|Դովեղ|village||41.1856524|45.0275451||
node|2938463911|Հովք|village||40.7883518|45.0314276||
node|2951451198|Դրախտիկ|village||40.5473048|45.2111880||
node|2952401135|Արտանիշ|village||40.4999163|45.3632312||
node|2952401175|Դրախտիկ|village||40.5652222|45.2362753||
node|2952401674|Կալավան|village||40.6489277|45.1098333||
node|2954197391|Այգուտ|village||40.6833055|45.1728575||
node|2958766689|Նավուր|village||40.8685592|45.3414129||
node|2958949586|Ծախկաշատ|village||41.0739352|44.7448801||
node|2962272226|Ավան|village||40.3351948|44.1685681||
node|2962272227|Արագածոտն|village||40.2593040|44.1818800||
node|2962298646|Պարտիզակ|village||40.2704149|44.0405372||
node|2968880203|Կարմիրգյուղ|village||40.3266299|45.1458397|4964|
node|2972000556|Կախակն|village||40.2842209|45.7848518||
node|2972012154|Մեծ Մասրիկ|village||40.2186735|45.7664489||
node|2972545040|Արփունք|village||40.2876866|45.7352029||
node|3025503862|Գանձակ|village||40.3244223|45.1149473|3815|
node|3129802432|Ամոջ|village||41.0587265|44.5956284||
node|3135301834|Զվարթնոց Գյուղ|village||40.1628283|44.3416721||
node|3268005053|Վահան|village||40.5756455|45.3996109||
node|3278974765|Այգեձոր|village||40.8308799|45.5439948||
node|3278974766|Արծվաբերդ|village||40.8407926|45.4707551||
node|3278974767|Չինարի|village||40.8547840|45.5791877||
node|3278974768|Չորաթան|village||40.8632901|45.4903937||
node|3278974769|Մովսես|village||40.9057136|45.4923023||
node|3278974770|Ներքին Կարմիրաղբյուր|village||40.9422174|45.4386337||
node|3278974771|Պառավաքար|village||40.9833275|45.3656367||
node|3278974772|Թաուզ|village||40.9182545|45.4046819||
node|3278974773|Վերին Ծաղկավան|village||40.9397364|45.3318816||
node|3278974774|Վարագավանք|village||40.9626920|45.3507125||
node|3278976744|Չինչին|village||40.9068589|45.3495450||
node|3555821779|Մադան|village||41.1261846|44.6550329|23|
node|3585538997|Ակներ|village||41.0810732|44.6933848||
node|3650672509|Տեղեր|village||40.3460980|44.2370788||
node|3658308479|Գարգառ|village||40.9566981|44.4419741||
node|3658313747|Հոբարձի|village||40.9610861|44.4956565||
node|3664513516|Ծաղկասար|village||40.4719999|43.9052618||
node|3664528602|Ձորագյուղ|village||40.4652614|43.9047372||
node|3699191918|Բերդկունք|village||40.4410021|45.1045950|296|
node|3699191919|Հայրավանք|village||40.4283221|45.0969639|680|
node|3707557779|Հալավար|village||40.7628253|44.3854531||
node|3707557780|Լեռնանցք|village||40.7936695|44.2725844||
node|3707575990|Ղուրսալի|village||40.8299258|44.3349973||
node|3707575991|Նոր Խաչակապ|village||40.8391340|44.3571242||
node|3708869971|Հագվի|village||41.0743491|44.5876407||
node|3708874746|Նովոսելցովո|village||41.0576297|44.2770610||
node|3708874747|Ուրասար|village||41.0166240|44.2904666||
node|3708880278|Կաթնառատ|village||41.0575736|44.1921896||
node|3771996804|Կոբեր|village||41.0051966|44.6366139||
node|3772865329|Շահումյան|village||40.7729715|44.5477550||
node|3820714362|Իծաքար|village||40.8685428|45.3192291||
node|3845603147|Կաքավասար|village||40.9243570|44.0194614||
node|3845603148|Ձորաշեն|village||40.9317901|44.0696890||
node|3845603149|Սարապատ|village||40.9342312|44.0451805||
node|3845603150|Փոքր Սարիար|village||40.9297712|43.9998719||
node|3845629272|Բաշգյուղ|village||40.9453372|43.9692897||
node|3963335666|Կոտայք|village||40.2764936|44.6622492||
node|3992206876|Վերին Շորժա|village||40.0862867|45.8347773||
node|4019886919|Աշտարակ|town||40.2886849|44.3613061|18000|
node|4057711366|Ագարակ|village||40.3005865|44.2816990||
node|4057711367|Աղձք|village||40.3081092|44.2549079||
node|4057713546|Դիան|village||40.3548513|44.0751100||
node|4057713547|Մեծաձոր|village||40.3805514|44.0456807||
node|4057713548|Օթևան|village||40.3652176|44.0613556||
node|4174393701|Յաղդան|village||41.0067905|44.5087548||
node|4218247413|Արդվի|village||41.0159933|44.5945653||
node|4227216843|Հովնաձոր|village||41.0288179|44.5240729||
node|4242401893|Մեծ Այրում|village||41.1680032|44.8222538||
node|4242401894|Փոքր Այրում|village||41.1536038|44.7968181||
node|4242401896|Վերին Ախտալա|village||41.1680839|44.7587019||
node|4242549758|Արճիս|village||41.1651842|44.8747771||
node|4242549759|Լճկաձոր|village||41.1781089|44.9069434||
node|4293551484|Մակրավան|village||40.5233995|44.7395638||
node|4323525270|Մուսայելյան|village||40.9914681|43.9405015||
node|4323525271|Հարթաշեն|village||41.0092440|43.9238546||
node|4323541735|Կարմրավան|village||41.0118685|43.8704772||
node|4324329400|Նոր Ամանոս|village||40.2369803|44.0678916||
node|4377060456|Գեղանիստ|village||40.1461475|44.4281943|2739|
node|4466051064|Փարաքար|village||40.1638384|44.4010599||
node|4466052077|Պտղունք|village||40.1672242|44.3641718||
node|4466056120|Թաիրով|village||40.1613042|44.4230746||
node|4526349222|Սուրենավան|village||39.7976077|44.7747752|2712|
node|4730806378|Տրետուք|village||40.2394339|45.8481521||
node|4730806393|Կուտական|village||40.2676093|45.8369083||
node|4743393740|Բերդավան|village||41.2060552|45.0003610||
node|4754120543|Բազում|village||40.8701590|44.4412608||
node|4754120544|Ազնվաձոր|village||40.8777269|44.4284940||
node|4754484859|Թթուջուր|village||40.6473017|45.3104495||
node|4754503947|Մարտունի|village||40.6683971|45.2527433||
node|4754503948|Գետիկ|village||40.6605845|45.2715402||
node|5031782616|Հացառատ|village||40.3360416|45.1122270||
node|5077527100|Շամլուղ|village||41.1667521|44.7143367||
node|5077547565|Բենդիկ|village||41.1552964|44.7133362||
node|5137821313|Սարալանջ|village||40.8734156|44.0990996||
node|5137849398|Մեծ Սարիար|village||40.8836368|43.9475012||
node|5243855464|Կավարտ|village||39.2435601|46.3906674||
node|5243855480|Բաշքենդ|village||39.2310936|46.3918942||
node|5514897709|Ծաղկաբեր|village||40.7997764|44.1008055||
node|5514898127|Մուսայելյան|village||40.7576439|43.9918220||
node|5514899012|Խնկոյան|village||40.8390170|44.0211654||
node|5514899013|Հարթագյուղ|village||40.8344795|44.0462172||
node|5611666967|Karin|village||40.2519535|44.3560330|428|
node|5656734868|Բարձրաշեն|village||40.0862516|44.5806956|1335|
node|5656772117|Լանջազատ|village||40.0613346|44.5770532|1388|
node|5657760337|Գետափնյա|village||40.1407293|44.4315433|1571|
node|5658241288|Արենի|village||39.7272242|45.1883125|1772|
node|5658241289|Ագարակաձոր|village||39.7350462|45.3487730|1301|
node|5658999087|Գլաձոր|village||39.7767024|45.3447891|2126|
node|5658999088|Գետափ|village||39.7629525|45.3083973|1981|
node|5658999089|Արփի|village||39.7389601|45.2669547|1149|
node|5659042505|Հերհեր|village||39.7753797|45.5383515|706|
node|5659042506|Գնդեվազ|village||39.7594141|45.6220364|829|
node|5659042507|Վայք|town|"Armenia, Vayots Dzor"|39.6939049|45.4565871|5877|
node|5659256798|Արտավան|village||39.6597352|45.6154597|321|
node|5659256801|Սարալանջ|village||39.7099929|45.6676501||
node|5660223526|Ռինդ|village||39.7589185|45.1774224|1397|
node|5660223527|Մալիշկա|village||39.7383027|45.3907630|4460|
node|5660223528|Խաչիկ|village||39.6239454|45.2072395|862|
node|5660269277|Վերնաշեն|village||39.7879490|45.3553240|1113|
node|5660399748|Զառիթափ|village||39.6364517|45.5107462|1380|
node|5660399750|Ազատեկ|village||39.6514751|45.4397321|603|
node|5660399751|Մոզրով|village||39.7047930|45.2897107|88|
node|5660431871|Մարտիրոս|village||39.5958674|45.4942131|601|
node|5661326556|Խնձորուտ|village||39.5536919|45.4059577|500|
node|5732156877|Նորաբակ|village||40.1546709|45.8631027||
node|5745818373|Նոր Լեռնանցք|village||40.8072155|44.2646670||
node|5745824950|Ջաջուռավան|village||40.8716713|43.9527154||
node|5745845804|Կարմրաքար|village||40.8675418|43.8849950||
node|5745845938|Լեռնուտ|village||40.8675012|43.9199495||
node|5745860146|Շաղիկ|village||41.0505618|43.5848987||
node|5745865335|Ծախկուտ|village||41.0986449|43.6244023||
node|5745865413|Գառնառիչ|village||41.0799334|43.6017215||
node|5745878966|Զույգաղբյուր|village||41.0315939|43.8737726||
node|5759839062|Ձորագյուղ|village||40.1688292|45.1987898||
node|5798073601|Մեծ Գլան|village||40.0972704|44.8108613||
node|5835152296|Շենավան|village||40.0551212|43.9298323||
node|5835157754|Աղին|village||40.5917719|43.7042633||
node|5835157758|Տորֆավան|village||40.1915633|45.6864223||
node|5835157759|Վանեվան|village||40.1909338|45.6752831||
node|5835159059|Նոր Եդեսիա|village||40.2237993|44.1314594||
node|5835161286|Մեծամորավան|village||40.1668107|44.1036143||
node|5835161806|Ղազարավան (Նազրվան)|village||40.3410674|44.3300153||
node|5835161807|Բազմաղբյուր|village||40.3364170|44.3125111||
node|5856286142|Առինջ|village||40.2319916|44.5807870||
node|5934851934|Երևանաշեն|village||40.0137081|44.4093729||
node|5934858439|Վարդաշեն|village||40.1448826|44.5426442||
node|5934866396|Ջրվեժ|village||40.1887620|44.6358520||
node|5934869889|Վերին Պտղնի|village||40.2462906|44.5821299||
node|5934872692|Զովունի|village||40.2351368|44.5070456||
node|5934895228|Շնող|village||41.1442452|44.8438848||
node|5934904056|Քասախ|village||40.2335811|44.4511178||
node|5934911215|Ձորաղբյուր|village||40.2034204|44.6336759||
node|5934932219|Ուրցաձոր|village||39.9190998|44.8226623||
node|5934934757|Բուժական|village||40.4538170|44.5221630||
node|5937396859|Սառնաղբյուր|village||40.0622475|45.1450893||
node|5937466970|Թումանյան|town|"Armenia, Lori"|41.0016486|44.6508659|1838|
node|5938371068|Մուսալեռ|village||40.1574097|44.3822765||
node|5938518277|Անդրանիկավան|village||40.0938923|44.3955776||
node|5939683864||village||40.4260503|44.4199240||
node|5939683879||village||40.4252417|43.9056158||
node|5939684444||village||40.6119408|44.5899761||
node|5942008126|Նոր Կյուրին|village||40.0746111|44.4978607||
node|5942074126|Գետարգել|village||40.2445502|44.5967030||
node|6123773911|Գավառ|town||40.3513976|45.1273162|20765|
node|6285480178|Arevatsag|village||40.9714184|44.6083930||
node|6321525543|gyuxapetaran|village||40.0983449|44.0932604||
node|6332391411|Ջրաշեն|village||40.1352246|44.5659487||
node|6332391412|Մուշավան|village||40.1446790|44.5660056||
node|6877922500|Պռոշյան գյուղ|village||40.2467871|44.4168631||
node|6897431170|Azatashen|village||39.5018801|46.3995552||
node|6899718015|"Մեծ Պարնիի ""Նոր գյուղ"" (նոր կառուցված հատվածը)"|village||40.8565952|44.1192660||
node|6909243870|Հին Մարտիրոս|village||39.5973555|45.5088687||
